<?xml version="1.0" encoding="UTF-8"?>
<project-private xmlns="http://www.netbeans.org/ns/project-private/1">
    <editor-bookmarks xmlns="http://www.netbeans.org/ns/editor-bookmarks/2" lastBookmarkId="0"/>
    <open-files xmlns="http://www.netbeans.org/ns/projectui-open-files/2">
        <group>
            <file>file:/Users/cherylann.huber329/Dropbox/Comp%20350/InClass%209/BunnyHunt/src/bunnyhunt/Model.java</file>
            <file>file:/Users/cherylann.huber329/Dropbox/Comp%20350/InClass%209/BunnyHunt/src/Controller.java</file>
            <file>file:/Users/cherylann.huber329/Dropbox/Comp%20350/InClass%209/BunnyHunt/src/bunnyhunt/BunnyHunt.java</file>
            <file>file:/Users/cherylann.huber329/Dropbox/Comp%20350/InClass%209/BunnyHunt/src/bunnyhunt/Bunny.java</file>
            <file>file:/Users/cherylann.huber329/Dropbox/Comp%20350/InClass%209/BunnyHunt/src/bunnyhunt/Animal.java</file>
            <file>file:/Users/cherylann.huber329/Dropbox/Comp%20350/InClass%209/BunnyHunt/src/Wolf.java</file>
            <file>file:/Users/cherylann.huber329/Dropbox/Comp%20350/InClass%209/BunnyHunt/src/Bush.java</file>
            <file>file:/Users/cherylann.huber329/Dropbox/Comp%20350/InClass%209/BunnyHunt/src/View.java</file>
        </group>
    </open-files>
</project-private>
